FishID,Sex,Length(cm),StreamCategory,StreamName,SurveyDate,HatcheryOrigin
1,1,687,Low,Crag Creek,1,0
2,2,482,Low,Crag Creek,1,1
3,0,590,Low,Crag Creek,3,1
4,2,670,Low,Crag Creek,3,1
5,1,531,Low,Crag Creek,3,0
6,1,502,Low,Crag Creek,1,1
7,2,641,Low,Crag Creek,1,0
8,0,560,Low,Crag Creek,1,1
9,2,500,Low,Crag Creek,3,1
10,0,675,Low,Crag Creek,3,1
11,1,597,Low,Crag Creek,2,0
12,1,683,Low,Crag Creek,1,0
13,2,719,Low,Crag Creek,3,1
14,1,545,Low,Crag Creek,2,1
15,0,407,Low,Crag Creek,3,1
16,2,506,Low,Crag Creek,4,1
17,2,432,Low,Crag Creek,1,0
18,0,632,Low,Crag Creek,2,0
19,1,615,Low,Crag Creek,4,0
20,1,569,Low,Crag Creek,2,1
21,1,583,Low,Crag Creek,2,1
22,0,510,Low,Crag Creek,1,1
23,2,555,Low,Crag Creek,3,1
24,1,563,Low,Crag Creek,4,0
25,0,666,Low,Crag Creek,2,0
26,2,565,Low,Crag Creek,2,0
27,2,455,Low,Crag Creek,4,1
28,2,660,Low,Crag Creek,1,0
29,2,511,Low,Crag Creek,2,0
30,2,400,Low,Crag Creek,2,0
31,1,501,Low,Crag Creek,3,0
32,1,594,Low,Crag Creek,4,0
33,1,555,Low,Crag Creek,2,1
34,0,563,Low,Crag Creek,1,1
35,0,746,Low,Crag Creek,2,1
36,0,727,Low,Crag Creek,4,0
37,2,713,Low,Crag Creek,2,1
38,0,693,Low,Crag Creek,4,0
39,1,460,Low,Crag Creek,2,0
40,1,581,Low,Crag Creek,3,0
41,0,540,Low,Crag Creek,4,0
42,1,511,Low,Crag Creek,1,0
43,0,446,Low,Crag Creek,2,0
44,0,503,Low,Crag Creek,3,1
45,1,714,Low,Crag Creek,3,1
46,1,482,Low,Crag Creek,3,0
47,2,475,Low,Crag Creek,3,0
48,0,688,Low,Crag Creek,1,1
49,0,405,Low,Crag Creek,3,0
50,1,499,Low,Crag Creek,1,0
51,2,617,Low,Crag Creek,4,0
52,1,731,Low,Crag Creek,1,0
53,1,651,Low,Crag Creek,3,1
54,2,661,Low,Crag Creek,4,1
55,0,633,Low,Crag Creek,2,0
56,0,507,Low,Crag Creek,1,0
57,0,407,Low,Crag Creek,1,1
58,2,562,Low,Crag Creek,3,1
59,1,519,Low,Crag Creek,3,1
60,0,474,Low,Crag Creek,4,1
61,2,525,Low,Crag Creek,3,1
62,0,613,Low,Crag Creek,4,0
63,1,552,Low,Crag Creek,2,0
64,0,405,Low,Crag Creek,3,0
65,1,660,Low,Crag Creek,3,1
66,1,516,Low,Crag Creek,4,1
67,0,572,Low,Crag Creek,3,0
68,1,610,Low,Crag Creek,4,1
69,2,443,Low,Crag Creek,3,0
70,1,586,Low,Crag Creek,3,1
71,0,479,Low,Crag Creek,4,1
72,2,683,Low,Crag Creek,4,1
73,1,401,Low,Crag Creek,2,0
74,2,674,Low,Crag Creek,4,1
75,1,747,Low,Crag Creek,1,1
76,0,510,Low,Crag Creek,3,1
77,0,708,Low,Crag Creek,4,0
78,0,702,Low,Crag Creek,2,0
79,2,698,Low,Crag Creek,3,0
80,2,454,Low,Crag Creek,1,1
81,1,599,Low,Crag Creek,1,1
82,2,681,Low,Crag Creek,1,1
83,0,641,Low,Crag Creek,1,0
84,1,518,Low,Crag Creek,3,0
85,0,441,Low,Crag Creek,1,0
86,2,559,Low,Crag Creek,2,0
87,1,622,Low,Crag Creek,3,1
88,0,608,Low,Crag Creek,4,1
89,1,722,Low,Crag Creek,3,0
90,2,584,Low,Crag Creek,1,0
91,2,626,Low,Crag Creek,3,1
92,1,617,Low,Crag Creek,1,0
93,1,562,Low,Crag Creek,2,1
94,1,585,Low,Crag Creek,3,1
95,1,617,Low,Crag Creek,4,0
96,0,593,Low,Crag Creek,1,1
97,1,619,High,Khutzeymateen River,4,1
98,0,687,High,Khutzeymateen River,2,0
99,0,610,High,Khutzeymateen River,3,0
100,2,676,High,Khutzeymateen River,2,0
101,0,651,High,Khutzeymateen River,4,1
102,0,721,High,Khutzeymateen River,4,1
103,0,535,High,Khutzeymateen River,3,0
104,2,491,High,Khutzeymateen River,3,0
105,2,613,High,Khutzeymateen River,1,0
106,1,453,High,Khutzeymateen River,4,0
107,0,526,High,Khutzeymateen River,3,1
108,1,416,High,Khutzeymateen River,4,0
109,0,726,High,Khutzeymateen River,1,0
110,1,491,High,Khutzeymateen River,4,1
111,2,422,High,Khutzeymateen River,4,0
112,1,557,High,Khutzeymateen River,4,1
113,2,592,High,Khutzeymateen River,1,1
114,1,713,High,Khutzeymateen River,3,0
115,2,653,High,Khutzeymateen River,4,0
116,1,435,High,Khutzeymateen River,2,0
117,1,619,High,Khutzeymateen River,1,1
118,0,560,High,Khutzeymateen River,1,0
119,1,499,High,Khutzeymateen River,3,1
120,2,745,High,Khutzeymateen River,4,1
121,1,692,High,Khutzeymateen River,2,1
122,0,647,High,Khutzeymateen River,1,1
123,0,442,High,Khutzeymateen River,2,1
124,1,534,High,Khutzeymateen River,3,1
125,0,654,High,Khutzeymateen River,1,0
126,2,718,High,Khutzeymateen River,4,0
127,2,531,High,Khutzeymateen River,2,0
128,0,639,High,Khutzeymateen River,1,1
129,0,621,High,Khutzeymateen River,1,1
130,0,533,High,Khutzeymateen River,2,0
131,1,449,High,Khutzeymateen River,2,1
132,1,584,High,Khutzeymateen River,2,1
133,1,568,High,Khutzeymateen River,2,0
134,1,663,High,Khutzeymateen River,3,0
135,1,475,High,Khutzeymateen River,3,1
136,2,669,High,Khutzeymateen River,1,1
137,2,535,High,Khutzeymateen River,3,0
138,1,467,High,Khutzeymateen River,1,1
139,2,475,High,Khutzeymateen River,3,0
140,2,684,High,Khutzeymateen River,3,1
141,1,461,High,Khutzeymateen River,2,0
142,1,406,High,Khutzeymateen River,4,0
143,1,700,High,Khutzeymateen River,3,1
144,2,678,High,Khutzeymateen River,1,1
145,2,550,High,Khutzeymateen River,2,0
146,1,543,High,Khutzeymateen River,1,0
147,1,677,High,Khutzeymateen River,3,0
148,2,683,High,Khutzeymateen River,2,0
149,2,537,High,Khutzeymateen River,2,1
150,1,698,High,Khutzeymateen River,1,1
151,1,611,High,Khutzeymateen River,3,0
152,0,540,High,Khutzeymateen River,3,0
153,1,597,High,Khutzeymateen River,1,0
154,2,578,High,Khutzeymateen River,3,1
155,0,443,High,Khutzeymateen River,4,1
156,0,699,High,Khutzeymateen River,4,1
157,2,565,High,Khutzeymateen River,4,1
158,2,650,High,Khutzeymateen River,2,1
159,2,551,High,Khutzeymateen River,4,0
160,0,432,High,Khutzeymateen River,1,0
161,1,737,High,Khutzeymateen River,1,1
162,0,521,High,Khutzeymateen River,1,0
163,2,695,High,Khutzeymateen River,3,1
164,1,634,High,Khutzeymateen River,2,0
165,0,622,High,Khutzeymateen River,2,0
166,0,686,High,Khutzeymateen River,1,1
167,2,481,High,Khutzeymateen River,4,0
168,1,524,High,Khutzeymateen River,2,0
169,0,676,High,Khutzeymateen River,2,1
170,1,684,High,Khutzeymateen River,4,0
171,1,410,High,Khutzeymateen River,1,0
172,0,492,High,Khutzeymateen River,2,0
173,1,495,High,Khutzeymateen River,1,0
174,1,635,High,Khutzeymateen River,4,1
175,1,572,High,Khutzeymateen River,2,0
176,2,728,High,Khutzeymateen River,2,0
177,2,448,High,Khutzeymateen River,1,1
178,0,690,High,Khutzeymateen River,2,1
179,2,729,High,Khutzeymateen River,2,1
180,0,705,High,Khutzeymateen River,3,1
181,0,445,High,Khutzeymateen River,4,1
182,1,679,High,Khutzeymateen River,4,1
183,2,527,High,Khutzeymateen River,3,0
184,2,712,High,Khutzeymateen River,3,1
185,2,704,High,Khutzeymateen River,2,1
186,0,540,High,Khutzeymateen River,1,0
187,0,481,High,Khutzeymateen River,3,1
188,0,567,High,Khutzeymateen River,4,1
189,1,723,High,Khutzeymateen River,3,1
190,2,745,High,Khutzeymateen River,4,0
191,1,506,High,Khutzeymateen River,4,0
192,1,705,High,Khutzeymateen River,2,1
193,0,662,High,Khutzeymateen River,2,0
194,0,431,High,Khutzeymateen River,3,0
195,2,407,High,Khutzeymateen River,4,0
196,0,436,High,Khutzeymateen River,3,0
197,1,707,High,Khutzeymateen River,3,0
198,0,716,High,Khutzeymateen River,1,1
199,0,489,High,Khutzeymateen River,4,1
200,1,502,High,Khutzeymateen River,4,0
201,1,458,High,Khutzeymateen River,2,1
202,0,718,High,Khutzeymateen River,3,0
203,0,661,High,Khutzeymateen River,1,0
204,1,745,High,Khutzeymateen River,2,0
205,2,678,High,Khutzeymateen River,2,1
206,2,531,High,Khutzeymateen River,1,1
207,0,598,High,Khutzeymateen River,1,1
208,0,725,High,Khutzeymateen River,2,0
209,0,714,High,Khutzeymateen River,3,0
210,2,615,High,Khutzeymateen River,4,0
211,2,682,High,Khutzeymateen River,2,0
212,2,483,High,Khutzeymateen River,1,1
213,1,550,High,Khutzeymateen River,3,0
214,2,646,High,Khutzeymateen River,3,0
215,2,424,High,Khutzeymateen River,3,1
216,2,520,High,Khutzeymateen River,2,1
217,2,539,High,Khutzeymateen River,3,1
218,2,628,High,Khutzeymateen River,2,1
219,1,478,High,Khutzeymateen River,1,1
220,1,742,High,Khutzeymateen River,3,1
221,0,537,High,Khutzeymateen River,3,1
222,1,643,High,Khutzeymateen River,1,0
223,0,631,High,Khutzeymateen River,3,1
224,2,667,High,Khutzeymateen River,1,0
225,2,598,High,Khutzeymateen River,2,1
226,0,522,High,Khutzeymateen River,1,0
227,1,518,High,Khutzeymateen River,1,0
228,0,401,High,Khutzeymateen River,1,1
229,0,608,High,Khutzeymateen River,3,1
230,1,578,High,Khutzeymateen River,3,1
231,0,607,High,Khutzeymateen River,3,1
232,0,542,High,Khutzeymateen River,3,1
233,1,672,High,Khutzeymateen River,2,1
234,0,735,High,Khutzeymateen River,3,0
235,0,590,High,Khutzeymateen River,4,1
236,2,693,High,Khutzeymateen River,2,0
237,2,406,High,Khutzeymateen River,1,0
238,2,733,High,Khutzeymateen River,2,0
239,0,674,High,Khutzeymateen River,4,1
240,2,636,High,Khutzeymateen River,3,0
241,1,438,High,Khutzeymateen River,3,1
242,2,589,High,Khutzeymateen River,4,0
243,2,459,High,Khutzeymateen River,1,0
244,2,704,High,Khutzeymateen River,2,0
245,1,534,High,Khutzeymateen River,1,1
246,0,486,High,Khutzeymateen River,3,1
247,0,676,High,Khutzeymateen River,4,0
248,2,593,High,Khutzeymateen River,1,0
249,1,532,High,Khutzeymateen River,2,1
250,0,624,High,Khutzeymateen River,1,0
251,1,706,High,Khutzeymateen River,1,1
252,2,569,High,Khutzeymateen River,1,0
253,1,711,High,Khutzeymateen River,3,1
254,1,711,High,Khutzeymateen River,3,1
255,2,543,High,Khutzeymateen River,1,1
256,2,590,High,Khutzeymateen River,1,1
257,0,705,High,Khutzeymateen River,1,0
258,1,483,High,Khutzeymateen River,2,0
259,2,445,High,Khutzeymateen River,1,0
260,2,678,High,Khutzeymateen River,2,0
261,0,535,High,Khutzeymateen River,3,0
262,0,564,High,Khutzeymateen River,4,1
263,1,636,High,Khutzeymateen River,1,1
264,2,741,High,Khutzeymateen River,4,0
265,1,441,High,Khutzeymateen River,4,1
266,0,703,High,Khutzeymateen River,4,0
267,2,722,High,Khutzeymateen River,4,0
268,2,525,High,Khutzeymateen River,3,0
269,0,695,High,Khutzeymateen River,2,1
270,2,580,High,Khutzeymateen River,3,0
271,2,591,High,Khutzeymateen River,4,1
272,0,680,High,Khutzeymateen River,4,0
273,1,529,High,Khutzeymateen River,2,0
274,1,706,High,Khutzeymateen River,3,1
275,0,532,High,Khutzeymateen River,3,0
276,2,433,High,Khutzeymateen River,1,0
277,0,607,High,Khutzeymateen River,2,1
278,2,528,High,Khutzeymateen River,2,1
279,1,636,High,Khutzeymateen River,4,0
280,0,427,High,Khutzeymateen River,3,1
281,2,487,High,Khutzeymateen River,1,0
282,2,567,High,Khutzeymateen River,1,0
283,0,721,High,Khutzeymateen River,3,1
284,2,448,High,Khutzeymateen River,2,1
285,2,674,High,Khutzeymateen River,3,0
286,0,545,High,Khutzeymateen River,3,1
287,2,552,High,Khutzeymateen River,3,1
288,2,652,High,Khutzeymateen River,2,0
289,2,719,High,Khutzeymateen River,2,0
290,2,637,High,Khutzeymateen River,4,1
291,0,681,High,Khutzeymateen River,4,1
292,1,713,High,Khutzeymateen River,4,0
293,2,637,High,Khutzeymateen River,1,1
294,0,440,High,Khutzeymateen River,2,0
295,2,621,High,Khutzeymateen River,3,1
296,0,718,High,Khutzeymateen River,1,1
297,0,476,High,Khutzeymateen River,3,0
298,0,641,High,Khutzeymateen River,2,0
299,2,597,High,Khutzeymateen River,3,0
300,1,719,High,Khutzeymateen River,3,1
301,1,575,High,Khutzeymateen River,2,1
302,0,480,High,Khutzeymateen River,1,0
303,2,493,High,Khutzeymateen River,1,0
304,2,600,High,Khutzeymateen River,2,1
305,0,488,High,Khutzeymateen River,1,0
306,2,729,High,Khutzeymateen River,4,0
307,0,547,High,Khutzeymateen River,3,0
308,0,634,High,Khutzeymateen River,2,1
309,2,620,High,Khutzeymateen River,3,0
310,2,410,High,Khutzeymateen River,3,1
311,2,522,High,Khutzeymateen River,3,0
312,1,461,High,Khutzeymateen River,1,0
313,2,638,High,Khutzeymateen River,1,0
314,1,643,High,Khutzeymateen River,4,0
315,1,439,High,Khutzeymateen River,1,1
316,2,659,High,Khutzeymateen River,1,1
317,1,590,High,Khutzeymateen River,1,1
318,1,710,High,Khutzeymateen River,3,1
319,1,654,High,Khutzeymateen River,2,1
320,1,459,High,Khutzeymateen River,4,0
321,1,406,High,Khutzeymateen River,2,1
322,1,580,High,Khutzeymateen River,4,0
323,2,658,High,Khutzeymateen River,3,1
324,1,677,High,Khutzeymateen River,3,0
325,2,664,High,Khutzeymateen River,2,0
326,2,408,High,Khutzeymateen River,2,1
327,2,507,High,Khutzeymateen River,2,1
328,2,586,High,Khutzeymateen River,1,0
329,1,400,High,Khutzeymateen River,2,0
330,2,703,High,Khutzeymateen River,1,0
331,0,622,High,Khutzeymateen River,2,1
332,0,516,High,Khutzeymateen River,2,1
333,2,505,High,Khutzeymateen River,4,1
334,2,746,High,Khutzeymateen River,3,0
335,1,576,High,Khutzeymateen River,3,0
336,2,446,High,Khutzeymateen River,3,0
337,1,513,High,Khutzeymateen River,2,0
338,1,694,High,Khutzeymateen River,3,1
339,2,548,High,Khutzeymateen River,4,0
340,0,485,High,Khutzeymateen River,3,0
341,1,408,High,Khutzeymateen River,1,0
342,0,688,High,Khutzeymateen River,2,0
343,0,416,High,Khutzeymateen River,4,0
344,1,574,High,Khutzeymateen River,2,1
345,2,473,High,Khutzeymateen River,3,1
346,2,522,High,Kshwan River,2,1
347,1,420,High,Kshwan River,4,0
348,0,662,High,Kshwan River,2,1
349,2,719,High,Kshwan River,2,1
350,1,709,High,Kshwan River,3,0
351,1,541,High,Kshwan River,4,0
352,2,659,High,Kshwan River,3,1
353,2,413,High,Kshwan River,2,0
354,0,486,High,Kshwan River,2,1
355,1,620,High,Kshwan River,1,1
356,2,744,High,Kshwan River,1,0
357,2,479,High,Kshwan River,3,0
358,0,710,High,Kshwan River,1,0
359,1,410,High,Kshwan River,4,0
360,2,677,High,Kshwan River,2,1
361,0,734,High,Kshwan River,3,1
362,0,690,High,Kshwan River,1,0
363,1,574,High,Kshwan River,4,1
364,1,673,High,Kshwan River,4,0
365,1,425,High,Kshwan River,4,1
366,2,716,High,Kshwan River,3,0
367,1,607,High,Kshwan River,4,0
368,0,460,High,Kshwan River,1,1
369,0,489,High,Kshwan River,2,0
370,1,430,High,Kshwan River,4,0
371,0,650,High,Kshwan River,3,1
372,0,464,High,Kshwan River,2,0
373,1,705,High,Kshwan River,3,0
374,0,485,High,Kshwan River,1,0
375,1,665,High,Kshwan River,4,0
376,0,637,High,Kshwan River,1,0
377,1,496,High,Kshwan River,2,0
378,0,623,High,Kshwan River,2,0
379,1,576,High,Kshwan River,2,0
380,2,712,High,Kshwan River,4,1
381,2,690,High,Kshwan River,4,0
382,1,411,High,Kshwan River,4,1
383,2,575,High,Kshwan River,4,0
384,2,597,High,Kshwan River,1,1
385,2,425,High,Kshwan River,3,0
386,2,410,High,Kshwan River,4,0
387,2,489,High,Kshwan River,1,1
388,2,750,High,Kshwan River,3,0
389,1,659,High,Kshwan River,3,1
390,1,740,High,Kshwan River,3,0
391,1,498,High,Kshwan River,1,0
392,0,547,High,Kshwan River,1,1
393,0,716,High,Kshwan River,4,0
394,0,467,High,Kshwan River,3,1
395,2,694,High,Kshwan River,3,1
396,1,729,High,Kshwan River,4,1
397,2,589,High,Kshwan River,1,1
398,2,596,High,Kshwan River,4,0
399,0,545,High,Kshwan River,1,0
400,2,672,High,Kshwan River,3,1
401,1,518,High,Kshwan River,3,1
402,1,631,High,Kshwan River,2,1
403,1,594,High,Kshwan River,4,1
404,2,483,High,Kshwan River,2,0
405,0,558,High,Kshwan River,3,1
406,2,600,High,Kshwan River,1,1
407,0,689,High,Kshwan River,1,1
408,0,520,High,Kshwan River,3,1
409,1,447,High,Kshwan River,2,0
410,2,470,High,Kshwan River,2,0
411,2,744,High,Kshwan River,2,1
412,2,672,High,Kshwan River,4,1
413,1,619,High,Kshwan River,2,1
414,2,474,High,Kshwan River,3,0
415,1,570,High,Kshwan River,2,0
416,2,422,High,Kshwan River,4,0
417,0,488,High,Kshwan River,3,0
418,1,551,High,Kshwan River,3,0
419,1,409,High,Kshwan River,4,1
420,0,689,High,Kshwan River,2,0
421,1,736,High,Kshwan River,4,1
422,0,514,High,Kshwan River,2,0
423,1,456,High,Kshwan River,4,0
424,1,689,High,Kshwan River,2,0
425,2,427,High,Kshwan River,2,0
426,2,433,High,Kshwan River,3,0
427,0,692,High,Kshwan River,3,0
428,2,491,High,Kshwan River,3,1
429,0,419,High,Kshwan River,1,1
430,1,448,High,Kshwan River,4,1
431,0,717,High,Kshwan River,4,0
432,2,741,High,Kshwan River,3,0
433,2,462,High,Kshwan River,3,0
434,0,693,High,Kshwan River,2,1
435,1,476,High,Kshwan River,3,1
436,0,550,High,Kshwan River,3,0
437,0,613,High,Kshwan River,4,0
438,0,575,High,Kshwan River,1,1
439,0,686,High,Kshwan River,3,0
440,1,673,High,Kshwan River,2,0
441,0,673,High,Kshwan River,3,0
442,0,570,High,Kshwan River,3,1
443,0,696,High,Kshwan River,3,0
444,1,682,High,Kshwan River,2,1
445,2,717,High,Kshwan River,2,0
446,0,526,High,Kshwan River,4,1
447,1,551,High,Kshwan River,4,1
448,2,550,High,Kshwan River,1,0
449,0,734,High,Kshwan River,3,1
450,2,444,High,Kshwan River,4,1
451,2,443,High,Kshwan River,4,0
452,1,545,High,Kshwan River,2,0
453,1,707,High,Kshwan River,3,1
454,2,489,High,Kshwan River,3,1
455,2,711,High,Kshwan River,2,0
456,2,727,High,Kshwan River,2,0
457,0,466,High,Kshwan River,2,0
458,1,529,High,Kshwan River,4,0
459,2,617,High,Kshwan River,1,0
460,2,582,High,Kshwan River,1,1
461,0,401,High,Kshwan River,2,1
462,0,664,High,Kshwan River,3,0
463,0,420,High,Kshwan River,1,1
464,2,418,High,Kshwan River,4,1
465,0,609,High,Kshwan River,2,1
466,1,747,High,Kshwan River,1,1
467,2,715,High,Kshwan River,1,0
468,2,715,High,Kshwan River,3,1
469,2,681,High,Kshwan River,2,1
470,0,734,High,Kshwan River,3,1
471,0,651,High,Kshwan River,1,0
472,2,646,High,Kshwan River,4,1
473,1,591,High,Kshwan River,4,1
474,2,716,High,Kshwan River,1,1
475,0,530,High,Kshwan River,2,1
476,1,622,High,Kshwan River,4,1
477,1,442,High,Kshwan River,1,1
478,0,737,High,Kshwan River,3,1
479,2,697,High,Kshwan River,1,0
480,0,666,High,Kshwan River,4,1
481,1,619,High,Kshwan River,3,1
482,0,497,High,Kshwan River,4,1
483,0,724,High,Kshwan River,4,1
484,0,622,High,Kshwan River,2,0
485,0,684,High,Kshwan River,3,1
486,1,745,High,Kshwan River,1,1
487,1,687,High,Kshwan River,1,1
488,2,699,High,Kshwan River,2,0
489,1,537,High,Kshwan River,3,0
490,2,662,High,Kshwan River,3,0
491,1,705,High,Kshwan River,3,1
492,0,466,High,Kshwan River,1,1
493,1,579,High,Kshwan River,1,0
494,0,523,High,Kshwan River,3,1
495,2,616,High,Kshwan River,4,1
496,0,653,High,Kshwan River,3,1
497,2,625,High,Kshwan River,4,1
498,2,727,High,Kshwan River,1,0
499,0,583,High,Kshwan River,2,0
500,1,608,High,Kshwan River,2,0
501,0,505,High,Kshwan River,3,0
502,2,515,High,Kshwan River,3,1
503,2,659,High,Kshwan River,1,1
504,2,679,High,Kshwan River,1,1
505,0,510,High,Kshwan River,2,0
506,1,690,High,Kshwan River,4,1
507,2,647,High,Kshwan River,2,0
508,0,588,High,Kshwan River,4,0
509,0,705,High,Kshwan River,1,0
510,0,722,High,Kshwan River,1,1
511,2,730,High,Kshwan River,4,1
512,0,732,High,Kshwan River,3,1
513,1,439,High,Kshwan River,2,1
514,1,693,High,Kshwan River,1,0
515,1,638,High,Kshwan River,3,0
516,0,581,High,Kshwan River,3,1
517,0,522,High,Kshwan River,1,0
518,2,738,High,Kshwan River,1,0
519,1,541,High,Kshwan River,1,1
520,2,664,High,Kshwan River,1,1
521,1,602,High,Kshwan River,3,1
522,0,547,High,Kshwan River,4,0
523,1,497,High,Kshwan River,2,1
524,1,676,High,Kshwan River,1,1
525,0,714,High,Kshwan River,2,0
526,2,544,High,Kshwan River,1,1
527,2,494,High,Kshwan River,4,1
528,0,405,High,Kshwan River,2,1
529,0,720,High,Kshwan River,1,0
530,0,718,High,Kshwan River,1,0
531,1,486,High,Kshwan River,3,0
532,2,712,High,Kshwan River,4,0
533,0,727,High,Kshwan River,1,1
534,1,722,High,Kshwan River,2,0
535,2,627,High,Kshwan River,4,0
536,0,654,High,Kshwan River,1,1
537,2,564,High,Kshwan River,2,0
538,2,648,High,Kshwan River,1,1
539,0,614,High,Kshwan River,1,1
540,0,531,High,Kshwan River,2,1
541,2,458,High,Kshwan River,3,0
542,1,452,High,Kshwan River,2,1
543,2,593,High,Kshwan River,2,1
544,2,470,High,Kshwan River,4,1
545,2,422,High,Kshwan River,2,0
546,2,557,High,Kshwan River,4,1
547,1,537,High,Kshwan River,1,1
548,0,742,High,Kshwan River,3,0
549,2,462,High,Kshwan River,1,1
550,1,585,High,Kshwan River,4,0
551,2,654,High,Kshwan River,4,0
552,0,606,High,Kshwan River,3,0
553,2,453,High,Kshwan River,3,0
554,0,517,High,Kshwan River,1,0
555,2,568,High,Kshwan River,2,0
556,1,525,High,Kshwan River,2,1
557,0,614,High,Kshwan River,3,0
558,2,610,High,Kshwan River,3,1
559,1,440,High,Kshwan River,3,1
560,0,602,High,Kshwan River,2,0
561,1,686,High,Kshwan River,2,1
562,2,663,High,Kshwan River,4,0
563,0,505,High,Kshwan River,2,0
564,0,560,High,Kshwan River,2,1
565,2,704,High,Kshwan River,4,1
566,2,669,High,Kshwan River,3,1
567,2,587,High,Kshwan River,2,0
568,0,602,High,Kshwan River,4,0
569,1,525,High,Kshwan River,1,0
570,1,409,High,Kshwan River,2,0
571,0,553,High,Kshwan River,2,0
572,0,632,High,Kshwan River,4,0
573,2,442,High,Kshwan River,1,0
574,2,467,High,Kshwan River,3,0
575,1,705,High,Kshwan River,4,0
576,1,747,High,Kshwan River,4,1
577,2,720,High,Kshwan River,4,0
578,0,440,High,Kshwan River,2,1
579,0,445,High,Kshwan River,4,0
580,1,506,High,Kshwan River,2,0
581,1,613,High,Kshwan River,2,0
582,2,740,High,Kshwan River,2,0
583,0,570,High,Kshwan River,1,0
584,0,666,High,Kshwan River,1,1
585,2,625,High,Kshwan River,3,0
586,1,510,High,Kshwan River,3,1
587,2,646,High,Kshwan River,4,1
588,1,611,High,Kshwan River,1,1
589,2,685,High,Kshwan River,4,0
590,1,405,High,Kshwan River,2,0
591,1,494,High,Kshwan River,1,0
592,1,549,High,Kshwan River,3,1
593,1,682,High,Kshwan River,3,1
594,1,587,High,Kshwan River,3,1
595,2,731,High,Kshwan River,3,0
596,2,685,High,Kshwan River,4,0
597,2,659,High,Kshwan River,1,0
598,0,640,High,Kshwan River,3,0
599,1,658,High,Kshwan River,3,0
600,0,571,High,Kshwan River,4,0
601,0,494,High,Kshwan River,3,0
602,1,681,High,Kshwan River,2,0
603,2,672,High,Kshwan River,4,0
604,1,693,High,Kshwan River,4,1
605,0,550,High,Kshwan River,2,0
606,2,437,High,Kshwan River,3,0
607,2,500,High,Kshwan River,4,1
608,1,697,High,Kshwan River,1,1
609,2,735,High,Kshwan River,1,1
610,0,689,High,Kshwan River,4,1
611,1,609,High,Kshwan River,1,0
612,2,503,High,Kshwan River,1,1
613,2,525,High,Kshwan River,4,1
614,1,506,High,Kshwan River,3,1
615,0,713,High,Kshwan River,2,0
616,1,690,High,Kshwan River,2,0
617,2,574,High,Kshwan River,2,0
618,2,610,High,Kshwan River,4,0
619,2,493,High,Kshwan River,2,0
620,1,409,High,Kshwan River,3,1
621,0,712,High,Kshwan River,1,0
622,2,540,High,Kshwan River,3,0
623,0,747,High,Kshwan River,1,1
624,0,405,High,Kshwan River,4,1
625,2,566,High,Kshwan River,4,1
626,1,697,High,Kshwan River,1,0
627,0,706,High,Kshwan River,3,0
628,0,541,High,Kshwan River,3,0
629,2,659,High,Kshwan River,1,1
630,2,481,High,Kshwan River,3,1
631,0,426,High,Kshwan River,4,0
632,1,577,High,Kshwan River,4,1
633,1,600,High,Kshwan River,1,1
634,0,654,High,Kshwan River,4,1
635,2,678,High,Kshwan River,1,0
636,1,412,High,Kshwan River,1,1
637,2,459,High,Kshwan River,3,1
638,0,576,High,Kshwan River,1,1
639,0,616,High,Kshwan River,4,0
640,1,660,High,Kshwan River,2,0
641,0,623,High,Kshwan River,3,0
642,1,741,High,Kshwan River,1,0
643,0,423,High,Kshwan River,4,1
644,0,748,High,Kshwan River,1,1
645,1,632,High,Kshwan River,4,0
646,1,654,High,Kshwan River,2,0
647,0,730,High,Kshwan River,1,1
648,1,438,High,Kshwan River,3,0
649,0,508,High,Kshwan River,2,1
650,1,422,High,Kshwan River,2,1
651,1,515,High,Kshwan River,3,0
652,0,715,High,Kshwan River,1,0
653,2,638,High,Kshwan River,1,0
654,0,571,High,Kshwan River,1,1
655,0,410,High,Kshwan River,4,1
656,0,552,High,Kshwan River,3,1
657,1,738,High,Kshwan River,2,0
658,2,632,High,Kshwan River,1,0
659,1,530,High,Kshwan River,1,0
660,2,637,High,Kshwan River,3,1
661,2,702,High,Kshwan River,1,1
662,0,556,High,Kshwan River,4,1
663,1,729,High,Kshwan River,3,0
664,1,451,High,Kshwan River,2,0
665,2,730,High,Kshwan River,2,0
666,1,731,High,Kshwan River,1,1
667,0,698,High,Kshwan River,3,1
668,1,462,High,Kshwan River,1,1
669,2,660,High,Kshwan River,1,0
670,2,434,High,Kshwan River,1,1
671,1,514,High,Kshwan River,3,1
672,2,511,High,Kshwan River,3,1
673,0,687,High,Kshwan River,3,1
674,2,574,High,Kshwan River,1,0
675,0,710,High,Kshwan River,1,1
676,2,585,High,Kshwan River,3,1
677,1,464,High,Kshwan River,1,1
678,2,502,High,Kshwan River,4,1
679,0,728,High,Kshwan River,1,1
680,0,525,High,Kshwan River,3,0
681,1,605,High,Kshwan River,3,1
682,0,565,High,Kshwan River,3,0
683,0,699,High,Kshwan River,1,1
684,2,477,High,Kshwan River,1,1
685,2,711,High,Kshwan River,4,1
686,0,724,High,Kshwan River,2,0
687,1,735,High,Kshwan River,3,1
688,1,712,High,Kshwan River,1,1
689,1,409,High,Kshwan River,4,1
690,1,748,High,Kshwan River,1,1
691,1,521,High,Kshwan River,4,1
692,2,464,High,Kshwan River,3,1
693,0,497,High,Kshwan River,1,1
694,2,544,High,Kshwan River,3,1
695,2,488,High,Kshwan River,2,0
696,0,628,High,Kshwan River,2,0
697,0,740,High,Kshwan River,2,0
698,1,637,High,Kshwan River,2,0
699,2,742,High,Kshwan River,1,1
700,2,527,High,Kshwan River,1,0
701,0,611,High,Kshwan River,4,1
702,2,745,High,Kshwan River,3,1
703,0,411,High,Kshwan River,2,1
704,1,410,High,Kshwan River,4,1
705,1,453,High,Kshwan River,1,0
706,2,405,High,Kshwan River,3,0
707,0,496,High,Kshwan River,4,1
708,0,578,High,Kshwan River,1,1
709,2,467,High,Kshwan River,1,1
710,2,578,High,Kshwan River,2,1
711,1,430,High,Kshwan River,4,0
712,2,493,High,Kshwan River,3,1
713,0,477,High,Kshwan River,4,1
714,2,657,High,Kshwan River,1,1
715,1,540,High,Kshwan River,3,1
716,0,428,High,Kshwan River,4,0
717,1,454,High,Kshwan River,2,0
718,2,715,High,Kshwan River,4,1
719,1,400,High,Kshwan River,3,1
720,2,665,High,Kshwan River,4,0
721,1,535,High,Kshwan River,3,0
722,1,504,High,Kshwan River,1,1
723,2,663,High,Kshwan River,3,1
724,0,468,High,Kshwan River,4,0
725,2,444,High,Kshwan River,4,1
726,2,743,High,Kshwan River,1,1
727,2,670,High,Kshwan River,3,1
728,1,479,High,Kshwan River,2,1
729,2,552,High,Kshwan River,2,1
730,2,748,High,Kshwan River,2,1
731,1,607,High,Kshwan River,2,0
732,2,680,High,Kshwan River,4,1
733,1,720,High,Kshwan River,1,1
734,0,453,High,Kshwan River,3,1
735,1,637,High,Kshwan River,1,0
736,0,715,High,Kshwan River,3,0
737,1,650,High,Kshwan River,4,1
738,0,743,High,Kshwan River,4,0
739,1,416,High,Kshwan River,3,1
740,1,742,High,Kshwan River,3,0
741,2,518,High,Kshwan River,4,0
742,1,420,High,Kshwan River,4,0
743,2,440,High,Kshwan River,1,0
744,2,535,High,Kshwan River,3,0
745,2,455,High,Kshwan River,3,1
746,1,615,High,Kshwan River,1,0
747,0,516,High,Kshwan River,3,1
748,1,461,High,Kshwan River,3,1
749,0,453,High,Kshwan River,2,1
750,2,615,High,Kshwan River,3,1
751,0,525,High,Kshwan River,2,1
752,2,598,High,Kshwan River,1,0
753,0,578,High,Kshwan River,3,0
754,1,686,High,Kshwan River,4,1
755,2,708,High,Kshwan River,2,0
756,2,642,High,Kshwan River,4,0
757,0,537,High,Kshwan River,4,0
758,2,517,High,Kshwan River,2,1
759,2,720,High,Kshwan River,3,0
760,1,663,High,Kshwan River,3,0
761,2,685,High,Kshwan River,4,0
762,0,551,High,Kshwan River,3,0
763,0,655,High,Kshwan River,2,0
764,0,585,High,Kshwan River,4,0
765,0,413,High,Kshwan River,1,1
766,1,735,High,Kshwan River,1,0
767,1,556,High,Kshwan River,1,1
768,2,432,High,Kshwan River,1,0
769,1,559,High,Kshwan River,4,0
770,2,470,High,Kshwan River,4,1
771,1,479,High,Kshwan River,1,0
772,1,587,High,Kshwan River,4,1
773,2,548,High,Kshwan River,2,0
774,0,748,High,Kshwan River,4,0
775,1,588,High,Kshwan River,3,0
776,1,518,High,Kshwan River,4,0
777,2,615,High,Kshwan River,1,0
778,0,528,High,Kshwan River,1,0
779,0,613,High,Kshwan River,2,0
780,2,622,High,Kshwan River,2,0
781,1,518,High,Kshwan River,3,0
782,2,733,High,Kshwan River,2,0
783,0,580,High,Kshwan River,1,1
784,0,662,High,Kshwan River,4,1
785,0,408,High,Kshwan River,3,0
786,2,580,High,Kshwan River,4,0
787,1,729,High,Kshwan River,1,0
788,2,444,High,Kshwan River,1,1
789,2,574,High,Kshwan River,3,1
790,0,592,High,Kshwan River,2,1
791,1,566,High,Kshwan River,2,0
792,0,572,High,Kshwan River,1,1
793,1,512,High,Kshwan River,2,1
794,2,619,High,Kshwan River,3,0
795,2,616,High,Kshwan River,3,1
796,2,433,High,Kshwan River,2,0
797,0,493,High,Kshwan River,2,1
798,2,689,High,Kshwan River,1,1
799,1,733,High,Kshwan River,1,0
800,2,704,High,Kshwan River,1,0
801,2,744,High,Kshwan River,3,0
802,2,479,High,Kshwan River,3,0
803,2,627,High,Kshwan River,1,0
804,0,549,High,Kshwan River,4,0
805,2,465,High,Kshwan River,1,0
806,1,608,High,Kshwan River,3,0
807,1,476,High,Kshwan River,1,1
808,1,644,High,Kshwan River,4,1
809,1,471,High,Kshwan River,4,1
810,2,528,High,Kshwan River,2,0
811,1,471,High,Kshwan River,1,0
812,2,665,High,Kshwan River,4,0
813,2,591,High,Kshwan River,2,0
814,1,699,High,Kshwan River,2,0
815,1,680,High,Kshwan River,1,0
816,2,671,High,Kshwan River,2,1
817,0,493,High,Kshwan River,2,0
818,1,470,High,Kshwan River,3,0
819,2,552,High,Kshwan River,4,0
820,1,491,High,Kshwan River,3,0
821,1,736,High,Kshwan River,3,1
822,1,671,High,Kshwan River,4,0
823,1,619,High,Kshwan River,3,0
824,1,521,High,Kshwan River,4,0
825,1,466,High,Kshwan River,3,1
826,2,529,High,Kshwan River,3,0
827,0,494,High,Kshwan River,1,1
828,0,635,High,Kshwan River,4,1
829,0,499,High,Kshwan River,4,1
830,1,615,High,Kshwan River,4,0
831,0,445,High,Kshwan River,4,0
832,1,557,High,Kshwan River,2,1
833,0,597,High,Kshwan River,3,0
834,1,472,High,Kshwan River,1,1
835,2,589,High,Kshwan River,1,0
836,1,743,High,Kshwan River,3,1
837,2,406,High,Kshwan River,1,1
838,0,467,High,Kshwan River,2,1
839,2,660,High,Kshwan River,3,0
840,0,606,High,Kshwan River,3,0
841,1,574,High,Kshwan River,4,0
842,0,496,High,Kshwan River,3,1
843,2,468,High,Kshwan River,4,0
844,2,554,High,Kshwan River,2,1
845,1,742,High,Kshwan River,2,1
846,0,581,High,Kshwan River,2,0
847,0,725,High,Kshwan River,1,0
848,0,569,High,Kshwan River,4,1
849,0,566,High,Kshwan River,4,1
850,2,448,High,Kshwan River,1,1
851,2,405,Low,Stumaun Creek,2,1
852,2,551,Low,Stumaun Creek,4,0
853,0,749,Low,Stumaun Creek,4,1
854,1,603,Low,Stumaun Creek,3,0
855,0,579,Low,Stumaun Creek,1,1
856,2,594,Low,Stumaun Creek,4,0
857,1,430,Low,Stumaun Creek,1,0
858,0,582,Low,Stumaun Creek,4,0
859,2,603,Low,Stumaun Creek,4,1
860,2,523,Low,Stumaun Creek,4,1
861,2,402,Low,Stumaun Creek,1,1
862,2,580,Low,Stumaun Creek,2,0
863,0,603,Low,Stumaun Creek,3,0
864,1,421,Low,Stumaun Creek,3,0
865,0,447,Low,Stumaun Creek,2,0
866,2,744,Low,Stumaun Creek,3,1
867,0,745,Low,Stumaun Creek,4,0
868,2,574,Low,Stumaun Creek,1,1
869,0,444,Low,Stumaun Creek,2,1
870,2,450,Low,Stumaun Creek,2,0
871,2,534,Low,Stumaun Creek,2,0
872,0,725,Low,Stumaun Creek,3,0
873,2,636,Low,Stumaun Creek,2,1
874,0,448,Low,Stumaun Creek,2,1
875,2,468,Low,Stumaun Creek,1,0
876,2,748,Low,Stumaun Creek,4,1
877,2,402,Low,Stumaun Creek,1,1
878,2,693,Low,Stumaun Creek,2,1
879,1,404,Low,Stumaun Creek,2,0
880,0,470,Low,Stumaun Creek,3,0
881,0,542,Low,Stumaun Creek,4,0
882,1,615,Low,Stumaun Creek,3,0
883,1,745,Low,Stumaun Creek,1,1
884,2,696,Low,Stumaun Creek,2,1
885,0,404,Low,Stumaun Creek,1,1
886,0,490,Low,Stumaun Creek,2,1
887,2,726,Low,Stumaun Creek,4,0
888,1,672,Low,Stumaun Creek,3,1
889,0,663,Low,Stumaun Creek,4,1
890,0,745,Low,Stumaun Creek,1,1
891,2,528,Low,Stumaun Creek,2,0
892,1,673,Low,Stumaun Creek,1,0
893,0,646,Low,Stumaun Creek,1,0
894,2,435,Low,Stumaun Creek,2,0
895,0,618,Low,Stumaun Creek,3,0
896,1,576,Low,Stumaun Creek,1,1
897,2,479,Low,Stumaun Creek,2,1
898,0,604,Low,Stumaun Creek,2,0
899,1,516,Low,Stumaun Creek,1,0
900,0,747,Low,Stumaun Creek,4,0
901,0,486,Low,Stumaun Creek,3,1
902,0,683,Low,Stumaun Creek,2,0
903,0,531,Low,Stumaun Creek,2,0
904,0,739,Low,Stumaun Creek,3,1
905,1,723,Low,Stumaun Creek,1,1
906,1,544,Low,Stumaun Creek,1,0
907,1,499,Low,Stumaun Creek,1,1
908,1,531,Low,Stumaun Creek,1,0
909,0,602,Low,Stumaun Creek,3,1
910,2,572,Low,Stumaun Creek,4,0
911,1,535,Low,Stumaun Creek,3,1
912,2,517,Low,Stumaun Creek,1,1
913,0,439,Low,Stumaun Creek,2,1
914,0,486,Low,Stumaun Creek,3,0
915,1,674,Low,Stumaun Creek,4,0
916,0,437,Low,Stumaun Creek,2,1
917,2,653,Low,Stumaun Creek,2,0
918,0,451,Low,Stumaun Creek,1,0
919,2,749,Low,Stumaun Creek,1,1
920,1,630,Low,Stumaun Creek,2,0
921,0,713,Low,Stumaun Creek,3,1
922,0,441,Low,Stumaun Creek,1,0
923,2,546,Low,Stumaun Creek,3,1
924,2,505,Low,Stumaun Creek,2,0
925,1,723,Low,Stumaun Creek,1,0
926,2,714,Low,Stumaun Creek,3,1
927,2,698,Low,Stumaun Creek,3,0
928,2,600,Low,Stumaun Creek,1,0
929,0,573,Low,Stumaun Creek,2,1
930,1,699,Low,Stumaun Creek,1,1
931,1,649,Low,Stumaun Creek,4,1
932,0,509,Low,Stumaun Creek,1,1
933,0,499,Low,Stumaun Creek,3,1
934,2,457,Low,Stumaun Creek,3,0
935,2,511,Low,Stumaun Creek,4,1
936,2,647,Low,Stumaun Creek,4,0
937,0,717,Low,Stumaun Creek,2,1
938,1,571,Low,Stumaun Creek,2,1
939,1,609,Low,Stumaun Creek,2,0
940,1,646,Low,Stumaun Creek,3,1
941,2,427,Low,Stumaun Creek,1,1
942,0,676,Low,Stumaun Creek,3,0
943,0,600,Low,Stumaun Creek,4,1
944,2,722,Low,Stumaun Creek,3,0
945,2,500,Low,Stumaun Creek,3,0
946,0,529,Low,Stumaun Creek,2,1
947,2,598,Low,Stumaun Creek,1,0
948,2,609,Low,Stumaun Creek,3,1
949,2,569,Low,Stumaun Creek,1,1
950,1,470,Low,Stumaun Creek,1,1
951,1,527,Low,Stumaun Creek,3,1
952,0,441,Low,Stumaun Creek,1,1
953,2,423,Low,Stumaun Creek,2,0
954,0,720,Low,Stumaun Creek,4,0
955,1,426,Low,Stumaun Creek,4,1
956,2,672,Low,Stumaun Creek,1,1
957,1,465,Low,Stumaun Creek,4,1
958,2,409,Low,Stumaun Creek,2,0
959,0,426,Low,Stumaun Creek,2,1
960,0,610,Low,Stumaun Creek,3,0
961,1,641,Low,Stumaun Creek,3,1
962,0,685,Low,Stumaun Creek,4,1
963,0,698,High,Toon River,4,1
964,2,477,High,Toon River,3,0
965,2,570,High,Toon River,1,1
966,2,714,High,Toon River,4,0
967,2,530,High,Toon River,2,1
968,1,538,High,Toon River,1,0
969,2,644,High,Toon River,4,0
970,2,719,High,Toon River,1,1
971,0,553,High,Toon River,3,0
972,2,704,High,Toon River,3,1
973,0,713,High,Toon River,2,0
974,1,503,High,Toon River,2,1
975,0,481,High,Toon River,3,0
976,0,593,High,Toon River,2,1
977,2,511,High,Toon River,2,0
978,0,497,High,Toon River,1,0
979,1,659,High,Toon River,2,1
980,0,747,High,Toon River,4,0
981,2,561,High,Toon River,2,0
982,2,431,High,Toon River,3,1
983,2,744,High,Toon River,4,1
984,2,673,High,Toon River,2,1
985,1,665,High,Toon River,2,1
986,0,525,High,Toon River,3,1
987,0,491,High,Toon River,1,0
988,2,607,High,Toon River,3,1
989,2,665,High,Toon River,1,1
990,0,720,High,Toon River,4,0
991,1,478,High,Toon River,4,0
992,0,424,High,Toon River,1,0
993,0,696,High,Toon River,4,0
994,2,584,High,Toon River,4,0
995,1,408,High,Toon River,4,0
996,1,592,High,Toon River,1,0
997,2,620,High,Toon River,4,0
998,2,517,High,Toon River,2,0
999,0,614,High,Toon River,2,1
1000,2,597,High,Toon River,2,0
1001,0,527,High,Toon River,3,0
1002,2,750,High,Toon River,4,1
1003,0,603,High,Toon River,1,1
1004,0,517,High,Toon River,2,0
1005,1,576,High,Toon River,2,0
1006,0,405,High,Toon River,3,1
1007,1,677,High,Toon River,1,1
1008,0,409,High,Toon River,4,1
1009,0,637,High,Toon River,3,1
1010,2,643,High,Toon River,3,1
1011,0,471,High,Toon River,1,0
1012,0,535,High,Toon River,4,1
1013,2,493,High,Toon River,2,0
1014,2,408,High,Toon River,3,0
1015,2,409,High,Toon River,3,1
1016,1,626,High,Toon River,4,0
1017,0,634,High,Toon River,3,1
1018,0,448,High,Toon River,1,1
1019,2,590,High,Toon River,4,0
1020,2,559,High,Toon River,2,0
1021,1,684,High,Toon River,2,1
1022,2,447,High,Toon River,1,0
1023,2,425,High,Toon River,3,0
1024,2,662,High,Toon River,2,0
1025,0,660,High,Toon River,2,0
1026,1,662,High,Toon River,2,1
1027,2,576,High,Toon River,2,1
1028,1,418,High,Toon River,3,1
1029,2,424,High,Toon River,3,1
1030,0,568,High,Toon River,2,0
1031,2,491,High,Toon River,1,1
1032,1,549,High,Toon River,2,1
1033,0,515,High,Toon River,2,0
1034,2,651,High,Toon River,2,0
1035,2,729,High,Toon River,2,0
1036,0,628,High,Toon River,2,0
1037,0,599,High,Toon River,3,1
1038,0,721,High,Toon River,3,1
1039,1,410,High,Toon River,1,0
1040,2,525,High,Toon River,1,1
1041,1,401,High,Toon River,2,1
1042,2,727,High,Toon River,1,1
1043,1,571,High,Toon River,1,1
1044,0,546,High,Toon River,3,0
1045,1,691,High,Toon River,3,0
1046,2,630,High,Toon River,1,0
1047,0,713,High,Toon River,1,1
1048,0,548,High,Toon River,4,0
1049,0,407,High,Toon River,3,0
1050,1,428,High,Toon River,3,1
1051,2,583,High,Toon River,3,1
1052,2,447,High,Toon River,3,0
1053,0,623,High,Toon River,1,1
1054,1,466,High,Toon River,1,1
1055,1,438,High,Toon River,1,0
1056,1,718,High,Toon River,3,0
1057,1,580,High,Toon River,3,1
1058,0,669,High,Toon River,4,1
1059,2,579,High,Toon River,2,0
1060,0,570,High,Toon River,1,0
1061,1,609,High,Toon River,4,1
1062,0,634,High,Toon River,2,1
1063,2,437,High,Toon River,4,0
1064,0,583,High,Toon River,1,0
1065,0,668,High,Toon River,1,0
1066,1,591,High,Toon River,2,0
1067,2,690,High,Toon River,1,0
1068,0,694,High,Toon River,2,1
1069,1,465,High,Toon River,3,1
1070,1,558,High,Toon River,1,0
1071,0,700,High,Toon River,3,0
1072,2,576,High,Toon River,1,0
1073,0,400,High,Toon River,3,1
1074,1,476,High,Toon River,2,0
1075,0,581,High,Toon River,2,0
1076,2,526,High,Toon River,4,0
1077,2,517,High,Toon River,4,1
1078,0,524,High,Toon River,4,1
1079,2,411,High,Toon River,2,0
1080,0,659,High,Toon River,1,1
1081,2,708,High,Toon River,3,0
1082,0,464,High,Toon River,1,0
1083,1,624,High,Toon River,2,1
1084,2,450,High,Toon River,4,1
1085,1,554,High,Toon River,3,1
1086,1,549,High,Toon River,1,0
1087,1,731,High,Toon River,1,1
1088,0,404,High,Toon River,4,0
1089,1,566,High,Toon River,4,1
1090,2,703,High,Toon River,1,1
1091,2,668,High,Toon River,1,0
1092,1,490,High,Toon River,4,0
1093,0,526,High,Toon River,3,0
1094,0,625,High,Toon River,2,0
1095,2,596,High,Toon River,2,1
1096,1,458,High,Toon River,4,1
1097,1,540,High,Toon River,4,1
1098,2,438,High,Toon River,4,1
1099,1,556,High,Toon River,1,0
1100,0,440,High,Toon River,2,0
1101,1,455,High,Toon River,3,0
1102,2,467,High,Toon River,2,0
1103,1,741,High,Toon River,2,0
1104,1,562,High,Toon River,4,0
1105,1,468,High,Toon River,2,1
1106,2,483,High,Toon River,3,1
1107,2,542,High,Toon River,4,1
1108,1,529,High,Toon River,3,0
1109,1,447,High,Toon River,3,1
1110,0,531,High,Toon River,1,1
1111,2,433,High,Toon River,3,0
1112,2,570,High,Toon River,4,0
1113,0,483,High,Toon River,2,1
1114,1,570,High,Toon River,2,1
1115,2,710,High,Toon River,3,0
1116,0,607,High,Toon River,4,0
1117,1,650,High,Toon River,2,1
1118,1,746,High,Toon River,4,1
1119,0,746,High,Toon River,2,1
1120,1,643,High,Toon River,4,0
1121,0,555,High,Toon River,4,0
1122,1,589,High,Toon River,3,0
1123,0,429,High,Toon River,4,1
1124,2,573,High,Toon River,4,1
1125,2,555,High,Toon River,3,0
1126,0,446,High,Toon River,1,0
1127,0,530,High,Toon River,1,0
1128,1,489,High,Toon River,1,1
1129,0,661,High,Toon River,1,1
1130,1,706,High,Toon River,3,1
1131,0,508,High,Toon River,2,1
1132,2,655,High,Toon River,1,0
1133,1,572,High,Toon River,2,1
1134,2,490,High,Toon River,2,1
1135,1,669,High,Toon River,4,1
1136,1,699,High,Toon River,2,1
1137,1,459,High,Toon River,4,1
1138,2,551,High,Toon River,2,0
1139,0,414,High,Toon River,3,0
1140,1,640,High,Toon River,2,0
1141,0,440,High,Toon River,2,0
1142,2,538,High,Toon River,2,0
1143,2,740,High,Toon River,2,0
1144,0,629,High,Toon River,4,0
1145,2,473,High,Toon River,2,1
1146,2,422,High,Toon River,3,1
1147,1,699,High,Toon River,1,0
1148,1,678,High,Toon River,4,0
1149,1,532,High,Toon River,1,0
1150,0,586,High,Toon River,1,0
1151,1,498,High,Toon River,4,1
1152,0,670,High,Toon River,3,1
1153,0,413,High,Toon River,2,1
1154,2,598,High,Toon River,4,0
1155,0,577,High,Toon River,2,1
1156,0,605,High,Toon River,3,1
1157,2,629,High,Toon River,3,1
1158,1,464,High,Toon River,4,1
1159,2,706,High,Toon River,2,1
1160,0,574,High,Toon River,4,1
1161,1,555,High,Toon River,4,1
1162,0,700,High,Toon River,4,0
1163,1,567,High,Toon River,4,0
1164,2,744,High,Toon River,4,1
1165,0,479,High,Toon River,4,1
1166,0,610,High,Toon River,1,0
1167,2,585,High,Toon River,3,0
1168,0,634,High,Toon River,3,0
1169,1,552,High,Toon River,4,0
1170,1,746,High,Toon River,1,1
1171,0,698,High,Toon River,3,1
1172,2,742,High,Toon River,4,1
1173,0,728,High,Toon River,2,0
1174,0,494,High,Toon River,2,1
1175,0,573,High,Toon River,3,1
1176,1,439,High,Toon River,1,0
1177,0,569,High,Toon River,3,0
1178,2,652,High,Toon River,2,0
1179,0,548,High,Toon River,2,1
1180,1,739,High,Toon River,3,1
1181,1,426,High,Toon River,1,0
1182,0,534,High,Toon River,2,1
1183,2,654,High,Toon River,2,1
1184,0,723,High,Toon River,4,1
1185,0,490,High,Toon River,1,1
1186,1,628,High,Toon River,1,0
1187,2,602,High,Toon River,1,1
1188,0,668,High,Toon River,1,0
1189,1,621,High,Toon River,1,0
1190,2,517,High,Toon River,2,0
1191,0,679,High,Toon River,4,0
1192,2,539,High,Toon River,2,1
1193,1,462,High,Toon River,3,1
1194,1,571,High,Toon River,4,1
1195,1,650,High,Toon River,2,0
1196,1,632,High,Toon River,2,1
1197,2,726,High,Toon River,1,0
1198,2,616,High,Toon River,3,0
1199,0,739,High,Toon River,3,0
1200,1,736,High,Toon River,3,1
1201,2,416,High,Toon River,2,0
1202,0,672,High,Toon River,3,0
1203,1,619,High,Toon River,1,0
1204,1,724,High,Toon River,3,1
1205,1,705,High,Toon River,3,0
1206,1,715,High,Toon River,3,1
1207,0,560,High,Toon River,3,0
1208,1,656,High,Toon River,3,0
1209,1,608,High,Toon River,4,0
1210,1,725,High,Toon River,2,0
1211,0,639,High,Toon River,3,1
1212,2,647,High,Toon River,3,0
1213,0,602,High,Toon River,4,0
1214,0,617,High,Toon River,3,0
1215,1,746,High,Toon River,1,0
1216,1,742,High,Toon River,4,1
1217,1,583,High,Toon River,2,1
1218,0,502,High,Toon River,1,0
1219,1,579,High,Toon River,1,1
1220,2,704,High,Toon River,1,0
1221,1,475,High,Toon River,1,0
1222,0,427,High,Toon River,1,1
1223,1,619,High,Toon River,2,1
1224,1,550,High,Toon River,3,1
1225,0,699,High,Toon River,2,0
1226,2,519,High,Toon River,2,1
1227,1,643,High,Toon River,3,1
1228,1,482,High,Toon River,4,1
1229,1,675,High,Toon River,1,0
1230,2,573,High,Toon River,4,0
1231,1,740,High,Toon River,1,0
1232,1,599,High,Toon River,3,0
1233,1,620,High,Toon River,1,0
1234,0,407,High,Toon River,1,0
1235,0,684,High,Toon River,4,1
1236,0,513,High,Toon River,2,0
1237,2,589,High,Toon River,3,0
1238,2,586,High,Toon River,2,0
1239,0,568,High,Toon River,2,1
1240,2,564,High,Toon River,3,1
1241,2,651,High,Toon River,1,0
1242,1,706,High,Toon River,1,1
1243,2,510,High,Toon River,3,1
1244,0,400,High,Toon River,2,0
1245,2,613,High,Toon River,3,1
1246,2,496,High,Toon River,3,0
1247,0,425,High,Toon River,4,0
1248,0,436,High,Toon River,3,1
1249,0,667,High,Toon River,2,0
1250,1,689,High,Toon River,4,1
1251,0,728,High,Toon River,2,0
1252,1,712,High,Toon River,3,1
1253,2,621,High,Toon River,2,0
1254,1,664,High,Toon River,2,0
1255,2,504,High,Toon River,2,0
1256,0,724,High,Toon River,1,0
1257,0,664,High,Toon River,4,0
1258,1,491,High,Toon River,2,1
1259,0,509,High,Toon River,1,0
1260,0,473,High,Toon River,4,0
1261,2,495,High,Toon River,3,0
1262,0,498,High,Toon River,4,1
1263,0,664,High,Toon River,3,1
1264,0,437,High,Toon River,2,0
1265,1,528,High,Toon River,2,0
1266,1,443,High,Toon River,2,1
1267,2,482,High,Toon River,4,0
1268,2,563,High,Toon River,4,0
1269,1,508,High,Toon River,2,1
1270,1,582,High,Toon River,2,1
1271,1,589,High,Toon River,4,1
1272,1,435,High,Toon River,1,1
1273,2,722,High,Toon River,1,0
1274,1,456,High,Toon River,4,1
1275,0,510,High,Toon River,1,1
1276,1,626,High,Toon River,2,0
1277,2,609,High,Toon River,3,1
1278,0,424,High,Toon River,1,1
1279,2,593,High,Toon River,1,0
1280,1,619,High,Toon River,4,0
1281,2,748,High,Toon River,3,0
1282,1,618,High,Toon River,3,0
1283,2,721,High,Toon River,2,1
1284,1,544,High,Toon River,4,0
1285,0,724,High,Toon River,2,1
1286,0,716,High,Toon River,2,1
1287,2,724,High,Toon River,4,0
1288,1,649,High,Toon River,2,1
1289,1,673,High,Toon River,1,0
1290,2,565,High,Toon River,4,1
1291,2,649,High,Toon River,1,1
1292,0,527,High,Toon River,2,0
1293,2,639,High,Toon River,1,1
1294,1,425,High,Toon River,2,0
1295,1,668,High,Toon River,3,0
1296,2,455,High,Toon River,4,0
1297,1,560,High,Toon River,4,0
1298,2,719,High,Toon River,2,1
1299,2,698,High,Toon River,4,0
1300,1,585,High,Toon River,1,1
1301,1,640,High,Toon River,4,1
1302,1,522,High,Toon River,3,1
1303,0,523,High,Toon River,3,0
1304,1,736,High,Toon River,4,0
1305,1,726,High,Toon River,3,1
1306,0,724,High,Toon River,4,1
1307,1,620,High,Toon River,3,1
1308,1,421,High,Toon River,2,1
1309,2,531,High,Toon River,1,0
1310,2,478,High,Toon River,1,1
1311,0,519,High,Toon River,3,0
1312,2,708,High,Toon River,4,0
1313,2,442,High,Toon River,2,1
1314,2,626,High,Toon River,1,1
1315,0,504,High,Toon River,1,0
1316,1,461,High,Toon River,4,1
1317,2,738,High,Toon River,3,1
1318,2,688,High,Toon River,2,1
1319,0,496,High,Toon River,3,0
1320,2,674,High,Toon River,3,1
1321,0,679,High,Toon River,4,0
1322,2,600,High,Toon River,4,1
1323,2,584,High,Toon River,2,0
1324,0,540,High,Toon River,1,0
1325,2,676,High,Toon River,3,1
1326,1,574,High,Toon River,2,1
1327,2,490,High,Toon River,2,0
1328,0,442,High,Toon River,4,0
1329,0,661,High,Toon River,2,0
1330,2,421,High,Toon River,2,1
1331,1,735,High,Toon River,4,0
1332,0,548,High,Toon River,1,0
1333,2,611,High,Toon River,1,1
1334,0,747,High,Toon River,3,1
1335,2,492,High,Toon River,2,0
1336,2,523,High,Toon River,2,1
1337,0,463,High,Toon River,1,0
1338,0,459,High,Toon River,2,1
1339,0,657,High,Toon River,1,0
1340,0,698,High,Toon River,4,0
1341,0,541,High,Toon River,3,1
1342,2,607,High,Toon River,3,0
1343,1,578,High,Toon River,2,0
1344,0,647,High,Toon River,3,0
1345,2,635,High,Toon River,2,0
1346,1,413,High,Toon River,4,1
1347,0,632,High,Toon River,4,1
1348,2,493,High,Toon River,2,1
1349,0,582,High,Toon River,2,1
1350,2,634,High,Toon River,3,1
1351,0,695,High,Toon River,3,1
1352,2,483,High,Toon River,3,1
1353,2,417,High,Toon River,4,1
1354,0,529,High,Toon River,3,1
1355,0,575,High,Toon River,4,0
1356,1,710,High,Toon River,3,1
1357,0,407,High,Toon River,3,1
1358,0,556,High,Toon River,3,0
1359,1,576,High,Toon River,3,1
1360,1,514,High,Toon River,2,0
1361,0,468,High,Toon River,3,1
1362,2,747,High,Toon River,3,1
1363,0,502,High,Toon River,3,0
1364,2,626,High,Toon River,3,1
1365,2,527,High,Toon River,3,1
1366,0,648,High,Toon River,1,0
1367,2,418,High,Toon River,3,0
1368,2,645,High,Toon River,1,0
1369,2,617,High,Toon River,3,1
1370,0,543,High,Toon River,2,0
1371,0,414,High,Toon River,2,0
1372,0,709,High,Toon River,4,1
1373,0,412,High,Toon River,4,1
1374,0,426,High,Toon River,4,0
1375,0,578,High,Toon River,3,0
1376,2,515,High,Toon River,4,0
1377,1,469,High,Toon River,4,1
1378,2,511,High,Toon River,1,1
1379,1,712,High,Toon River,3,1
1380,0,746,High,Toon River,1,0
1381,1,449,High,Toon River,1,0
1382,1,693,High,Toon River,2,0
1383,2,409,High,Toon River,3,1
1384,0,553,High,Toon River,3,1
1385,0,663,High,Toon River,4,1
1386,1,438,High,Toon River,2,1
1387,1,466,High,Toon River,4,1
1388,0,536,High,Toon River,2,1
1389,2,651,High,Toon River,2,1
1390,2,612,High,Toon River,1,0
1391,1,569,High,Toon River,2,0
1392,0,526,High,Toon River,1,1
1393,2,556,High,Toon River,1,1
1394,2,677,High,Toon River,4,1
1395,0,527,High,Toon River,3,0
1396,0,738,High,Toon River,2,0
1397,1,741,High,Toon River,3,0
1398,0,662,High,Toon River,1,0
1399,1,470,High,Toon River,3,1
1400,0,664,High,Toon River,1,1
1401,0,731,High,Toon River,2,1
1402,2,462,High,Toon River,4,1
1403,1,518,High,Toon River,4,1
1404,0,567,High,Toon River,4,0
1405,0,682,High,Toon River,3,0
1406,2,610,High,Toon River,1,1
1407,1,493,High,Toon River,2,1
1408,1,634,High,Toon River,2,0
1409,2,571,High,Toon River,4,0
1410,2,429,High,Toon River,3,1
1411,2,460,High,Toon River,3,0
1412,2,692,High,Toon River,1,0
1413,0,735,High,Toon River,1,0
1414,1,639,High,Toon River,1,1
1415,0,680,High,Toon River,1,1
1416,2,419,High,Toon River,2,0
1417,2,573,High,Toon River,4,1
1418,0,430,High,Toon River,4,0
1419,1,708,High,Toon River,2,1
1420,2,448,High,Toon River,1,1
1421,0,666,High,Toon River,2,1
1422,2,534,High,Toon River,1,0
1423,0,529,High,Toon River,1,0
1424,2,691,High,Toon River,4,1
1425,1,441,High,Toon River,1,0
1426,1,695,High,Toon River,1,0
1427,2,577,High,Toon River,3,1
1428,2,698,High,Toon River,1,0
1429,0,479,High,Toon River,3,0
1430,0,413,High,Toon River,3,0
1431,2,738,High,Toon River,1,1
1432,1,601,High,Toon River,4,0
1433,2,611,High,Toon River,4,1
1434,0,526,High,Toon River,3,0
1435,1,551,High,Toon River,4,0
1436,1,525,High,Toon River,1,0
1437,0,554,High,Toon River,3,0
1438,0,596,High,Toon River,4,1
1439,2,407,High,Toon River,3,0
1440,0,427,High,Toon River,3,0
1441,0,608,High,Toon River,1,1
1442,0,415,High,Toon River,3,1
1443,1,676,High,Toon River,1,1
1444,0,540,High,Toon River,4,0
1445,1,630,High,Toon River,4,1
1446,0,576,High,Toon River,4,1
1447,1,624,High,Toon River,2,1
1448,1,509,High,Toon River,2,0
1449,0,512,High,Toon River,4,0
1450,1,699,High,Toon River,4,1
1451,2,655,High,Toon River,2,1
1452,1,678,High,Toon River,4,1
1453,2,599,High,Toon River,4,0
1454,2,456,High,Toon River,1,0
1455,0,427,High,Toon River,2,0
1456,1,463,High,Toon River,1,1
1457,2,436,High,Toon River,4,0
1458,2,663,High,Toon River,2,0
1459,0,725,High,Toon River,2,0
1460,0,586,High,Toon River,3,1
1461,0,421,High,Toon River,3,1
1462,2,461,High,Toon River,2,1
1463,0,685,High,Toon River,4,1
1464,1,747,High,Toon River,3,0
1465,2,487,High,Toon River,1,0
1466,0,410,High,Toon River,3,0
1467,2,684,High,Toon River,4,1
1468,1,599,High,Toon River,2,0
1469,2,736,High,Toon River,1,0
1470,2,552,High,Toon River,2,1
1471,0,403,High,Toon River,4,1
1472,1,583,High,Toon River,2,1
1473,1,474,High,Toon River,2,1
1474,1,481,High,Toon River,3,0
1475,0,556,High,Toon River,4,0
1476,0,460,High,Toon River,2,1
1477,2,564,High,Toon River,3,0
1478,1,679,High,Toon River,2,1
1479,1,539,High,Toon River,1,0
1480,1,541,High,Toon River,3,1
1481,1,453,High,Toon River,4,0
1482,1,484,High,Toon River,2,0
1483,2,715,High,Toon River,4,0
1484,2,473,High,Toon River,1,1
1485,0,408,High,Toon River,1,1
1486,1,700,High,Toon River,2,0
1487,0,442,High,Toon River,4,1
1488,0,430,High,Toon River,1,0
1489,2,426,High,Toon River,4,0
1490,0,423,High,Toon River,4,1
1491,2,718,High,Toon River,1,0
1492,2,742,High,Toon River,4,1
1493,1,691,High,Toon River,4,1
1494,0,492,High,Toon River,2,0
1495,1,509,High,Toon River,2,0
1496,1,641,High,Toon River,3,1
1497,1,601,High,Toon River,2,1
1498,0,418,High,Toon River,4,0
1499,2,534,High,Toon River,1,0
1500,0,670,High,Toon River,3,1
1501,2,439,High,Toon River,4,0
1502,0,694,High,Toon River,2,1
1503,2,462,High,Toon River,1,0
1504,2,552,High,Toon River,4,1
1505,1,692,High,Toon River,3,0
1506,2,519,High,Toon River,2,1
1507,0,576,High,Toon River,4,1
1508,1,674,High,Toon River,1,0
1509,2,530,High,Toon River,4,1
1510,0,422,High,Toon River,1,1
1511,2,440,High,Toon River,4,0
1512,1,485,High,Toon River,3,0
1513,2,600,High,Toon River,3,1
1514,1,685,High,Toon River,1,0
1515,0,433,High,Toon River,3,1
1516,1,400,High,Toon River,3,0
1517,1,585,High,Toon River,3,0
1518,1,728,High,Toon River,2,0
1519,2,413,High,Toon River,1,0
1520,0,618,High,Toon River,4,0
1521,0,587,High,Toon River,3,1
1522,2,566,High,Toon River,1,0
1523,2,711,High,Toon River,3,1
1524,0,505,High,Toon River,2,0
1525,2,639,High,Toon River,4,0
1526,1,672,High,Toon River,3,1
1527,1,749,High,Toon River,1,0
1528,0,402,High,Toon River,2,0
1529,2,570,High,Toon River,1,0
1530,0,632,High,Toon River,4,1
1531,2,703,High,Toon River,2,0
1532,2,748,High,Toon River,2,1
1533,2,588,High,Toon River,4,0
1534,0,565,High,Toon River,1,1
1535,0,742,High,Toon River,1,0
1536,2,711,High,Toon River,3,1
1537,2,570,High,Toon River,2,1
1538,2,455,High,Toon River,2,1
1539,0,583,High,Toon River,4,1
1540,1,590,High,Toon River,2,1
1541,1,659,High,Toon River,2,1
1542,2,583,High,Toon River,2,1
1543,2,513,High,Toon River,1,0
1544,0,721,High,Toon River,4,0
1545,1,732,High,Toon River,3,0
1546,1,476,High,Toon River,1,1
1547,1,717,High,Toon River,1,1
1548,2,567,High,Toon River,2,0
1549,1,632,High,Toon River,4,1
1550,0,489,High,Toon River,2,0
1551,0,692,High,Toon River,3,1
1552,1,709,High,Toon River,4,0
1553,1,747,High,Toon River,4,1
1554,1,441,High,Toon River,2,0
1555,2,621,High,Toon River,3,0
1556,1,716,High,Toon River,3,0
1557,1,587,High,Toon River,3,0
1558,2,605,High,Toon River,2,0
1559,0,618,High,Toon River,3,1
1560,0,570,High,Toon River,1,0
1561,1,556,High,Toon River,3,1
1562,0,467,High,Toon River,2,1
1563,1,629,High,Toon River,1,1
1564,1,431,High,Toon River,2,1
1565,1,648,High,Toon River,1,1
1566,2,601,High,Toon River,2,1
1567,0,684,High,Toon River,1,0
1568,0,600,High,Toon River,4,1
1569,1,556,High,Toon River,4,1
1570,1,446,High,Toon River,3,1
1571,0,652,High,Toon River,2,0
1572,2,612,High,Toon River,1,0
1573,1,477,High,Toon River,2,0
1574,2,649,High,Toon River,1,1
1575,2,578,High,Toon River,1,1
1576,2,683,High,Toon River,1,0
1577,1,659,High,Toon River,4,0
1578,1,487,High,Toon River,1,1
1579,1,717,High,Toon River,4,0
1580,2,565,High,Toon River,4,0
1581,1,734,High,Toon River,4,1
1582,2,585,High,Toon River,2,1
1583,0,452,High,Toon River,2,1
1584,0,538,High,Toon River,1,0
1585,0,704,High,Toon River,3,0
1586,1,576,High,Toon River,1,1
1587,1,417,High,Toon River,1,1
1588,1,468,Medium,Tseax River,2,1
1589,2,675,Medium,Tseax River,2,1
1590,0,503,Medium,Tseax River,3,0
1591,2,667,Medium,Tseax River,1,1
1592,1,705,Medium,Tseax River,3,0
1593,2,546,Medium,Tseax River,1,0
1594,1,566,Medium,Tseax River,4,1
1595,2,718,Medium,Tseax River,1,0
1596,0,450,Medium,Tseax River,4,0
1597,2,408,Medium,Tseax River,1,0
1598,2,442,Medium,Tseax River,1,1
1599,1,497,Medium,Tseax River,3,0
1600,2,466,Medium,Tseax River,1,1
1601,2,571,Medium,Tseax River,4,1
1602,2,619,Medium,Tseax River,2,1
1603,2,665,Medium,Tseax River,4,1
1604,1,709,Medium,Tseax River,1,0
1605,2,640,Medium,Tseax River,3,1
1606,2,704,Medium,Tseax River,3,0
1607,1,707,Medium,Tseax River,1,1
1608,1,472,Medium,Tseax River,4,0
1609,1,707,Medium,Tseax River,4,1
1610,1,747,Medium,Tseax River,2,1
1611,1,677,Medium,Tseax River,4,0
1612,1,745,Medium,Tseax River,4,0
1613,1,465,Medium,Tseax River,2,0
1614,1,725,Medium,Tseax River,4,1
1615,2,626,Medium,Tseax River,4,1
1616,0,510,Medium,Tseax River,1,0
1617,1,472,Medium,Tseax River,2,0
1618,1,582,Medium,Tseax River,1,1
1619,1,445,Medium,Tseax River,2,1
1620,1,452,Medium,Tseax River,2,1
1621,0,716,Medium,Tseax River,2,0
1622,0,513,Medium,Tseax River,1,1
1623,0,618,Medium,Tseax River,4,0
1624,2,545,Medium,Tseax River,3,0
1625,2,684,Medium,Tseax River,3,0
1626,1,573,Medium,Tseax River,1,1
1627,1,734,Medium,Tseax River,2,1
1628,1,477,Medium,Tseax River,3,0
1629,1,493,Medium,Tseax River,4,0
1630,0,671,Medium,Tseax River,2,0
1631,0,650,Medium,Tseax River,4,0
1632,1,479,Medium,Tseax River,1,0
1633,0,582,Medium,Tseax River,2,0
1634,1,741,Medium,Tseax River,4,0
1635,2,746,Medium,Tseax River,2,1
1636,2,571,Medium,Tseax River,2,0
1637,0,425,Medium,Tseax River,2,1
1638,1,557,Medium,Tseax River,3,0
1639,1,532,Medium,Tseax River,4,1
1640,0,683,Medium,Tseax River,4,0
1641,2,636,Medium,Tseax River,4,1
1642,1,550,Medium,Tseax River,1,0
1643,2,558,Medium,Tseax River,2,1
1644,1,634,Medium,Tseax River,3,0
1645,0,732,Medium,Tseax River,2,1
1646,1,407,Medium,Tseax River,1,1
1647,2,487,Medium,Tseax River,4,1
1648,1,741,Medium,Tseax River,1,1
1649,0,553,Medium,Tseax River,3,1
1650,2,418,Medium,Tseax River,3,1
1651,0,633,Medium,Tseax River,4,1
1652,1,585,Medium,Tseax River,4,0
1653,0,643,Medium,Tseax River,3,0
1654,1,407,Medium,Tseax River,1,1
1655,1,728,Medium,Tseax River,4,0
1656,0,447,Medium,Tseax River,1,1
1657,1,680,Medium,Tseax River,1,0
1658,1,605,Medium,Tseax River,3,1
1659,1,478,Medium,Tseax River,1,0
1660,0,599,Medium,Tseax River,4,0
1661,0,581,Medium,Tseax River,1,1
1662,2,481,Medium,Tseax River,4,0
1663,0,423,Medium,Tseax River,4,0
1664,0,583,Medium,Tseax River,3,1
1665,1,452,Medium,Tseax River,2,0
1666,1,691,Medium,Tseax River,3,0
1667,2,526,Medium,Tseax River,4,1
1668,0,589,Medium,Tseax River,1,0
1669,0,404,Medium,Tseax River,1,0
1670,0,668,Medium,Tseax River,2,1
1671,0,493,Medium,Tseax River,4,0
1672,2,466,Medium,Tseax River,2,1
1673,0,530,Medium,Tseax River,4,1
1674,1,639,Medium,Tseax River,1,1
1675,1,636,Medium,Tseax River,4,1
1676,1,675,Medium,Tseax River,3,1
1677,2,519,Medium,Tseax River,2,1
1678,2,739,Medium,Tseax River,3,1
1679,2,412,Medium,Tseax River,1,0
1680,0,414,Medium,Tseax River,4,0
1681,2,684,Medium,Tseax River,3,1
1682,1,491,Medium,Tseax River,1,1
1683,1,614,Medium,Tseax River,4,0
1684,0,623,Medium,Tseax River,1,1
1685,1,501,Medium,Tseax River,3,0
1686,0,462,Medium,Tseax River,2,0
1687,1,604,Medium,Tseax River,4,1
1688,1,494,Medium,Tseax River,1,0
1689,1,651,Medium,Tseax River,3,0
1690,1,724,Medium,Tseax River,1,1
1691,2,436,Medium,Tseax River,2,0
1692,2,611,Medium,Tseax River,3,0
1693,1,566,Medium,Tseax River,3,0
1694,2,534,Medium,Tseax River,3,0
1695,1,589,Medium,Tseax River,3,1
1696,0,546,Medium,Tseax River,2,1
1697,0,578,Medium,Tseax River,4,0
1698,0,402,Medium,Tseax River,1,0
1699,0,678,Medium,Tseax River,3,1
1700,0,423,Medium,Tseax River,4,0
1701,0,481,Medium,Tseax River,4,0
1702,2,436,Medium,Tseax River,3,1
1703,2,472,Medium,Tseax River,2,1
1704,1,581,Medium,Tseax River,1,1
1705,1,696,Medium,Tseax River,2,1
1706,0,413,Medium,Tseax River,1,1
1707,1,528,Medium,Tseax River,2,1
1708,2,660,Medium,Tseax River,4,1
1709,0,476,Medium,Tseax River,4,1
1710,1,723,Medium,Tseax River,4,1
1711,1,571,Medium,Tseax River,2,0
1712,2,632,Medium,Tseax River,1,1
1713,1,598,Medium,Tseax River,1,1
1714,0,433,Medium,Tseax River,4,1
1715,0,565,Medium,Tseax River,2,0
1716,0,415,Medium,Tseax River,2,0
1717,0,495,Medium,Tseax River,2,0
1718,1,481,Medium,Tseax River,2,1
1719,0,513,Medium,Tseax River,2,1
1720,0,542,Medium,Tseax River,4,0
1721,1,413,Medium,Tseax River,3,0
1722,2,718,Medium,Tseax River,1,0
1723,0,542,Medium,Tseax River,1,1
1724,2,584,Medium,Tseax River,2,0
1725,1,496,Medium,Tseax River,2,1
1726,0,626,Medium,Tseax River,4,1
1727,0,458,Medium,Tseax River,1,0
1728,2,693,Medium,Tseax River,2,0
1729,0,573,Medium,Tseax River,3,0
1730,0,710,Medium,Tseax River,3,0
1731,1,659,Medium,Tseax River,4,0
1732,2,550,Medium,Tseax River,4,1
1733,0,441,Medium,Tseax River,3,0
1734,1,513,Medium,Tseax River,2,0
1735,0,567,Medium,Tseax River,1,0
1736,0,467,Medium,Tseax River,3,1
1737,2,598,Medium,Tseax River,1,0
1738,1,553,Medium,Tseax River,2,1
1739,1,564,Medium,Tseax River,2,0
1740,1,645,Medium,Tseax River,2,0
1741,1,402,Medium,Tseax River,4,1
1742,2,525,Medium,Tseax River,4,0
1743,2,596,Medium,Tseax River,1,0
1744,1,561,Medium,Tseax River,3,0
1745,0,725,Medium,Tseax River,1,1
1746,0,655,Medium,Tseax River,1,0
1747,0,521,Medium,Tseax River,4,1
1748,0,597,Medium,Tseax River,4,1
1749,1,705,Medium,Tseax River,1,1
1750,2,425,Medium,Tseax River,4,0
1751,0,441,Medium,Tseax River,1,0
1752,0,454,Medium,Tseax River,4,1
1753,2,733,Medium,Tseax River,3,1
1754,0,689,Medium,Tseax River,1,1
1755,0,747,Medium,Tseax River,3,0
1756,2,626,Medium,Tseax River,2,1
1757,2,667,Medium,Tseax River,1,1
1758,2,504,Medium,Tseax River,2,1
1759,2,470,Medium,Tseax River,3,0
1760,0,573,Medium,Tseax River,4,0
1761,0,636,Medium,Tseax River,1,0
1762,2,750,Medium,Tseax River,2,1
1763,1,626,Medium,Tseax River,3,1
1764,1,594,Medium,Tseax River,4,0
1765,0,422,Medium,Tseax River,2,1
1766,0,605,Medium,Tseax River,2,0
1767,1,749,Medium,Tseax River,4,0
1768,2,741,Medium,Tseax River,1,1
1769,1,480,Medium,Tseax River,3,1
1770,0,539,Medium,Tseax River,1,1
1771,1,471,Medium,Tseax River,4,1
1772,2,689,Medium,Tseax River,4,0
1773,0,717,Medium,Tseax River,3,1
1774,2,655,Medium,Tseax River,2,0
1775,1,706,Medium,Tseax River,4,0
1776,0,499,Medium,Tseax River,1,0
1777,1,717,Medium,Tseax River,2,1
1778,0,602,Medium,Tseax River,2,0
1779,1,713,Medium,Tseax River,3,0
1780,1,506,Medium,Tseax River,4,1
1781,1,510,Medium,Tseax River,1,1
1782,1,613,Medium,Tseax River,4,0
1783,0,453,Medium,Tseax River,1,0
1784,2,571,Medium,Tseax River,1,0
1785,0,481,Medium,Tseax River,2,1
1786,2,455,Medium,Tseax River,3,1
1787,2,518,Medium,Tseax River,2,0
1788,0,652,Medium,Tseax River,4,0
1789,1,733,Medium,Tseax River,2,0
1790,2,704,Medium,Tseax River,3,0
1791,0,638,Medium,Tseax River,2,0
1792,0,460,Medium,Tseax River,2,1
1793,1,482,Medium,Tseax River,4,0
1794,2,580,Medium,Tseax River,2,0
1795,1,593,Medium,Tseax River,4,1
1796,0,673,Medium,Tseax River,4,0
1797,0,461,Medium,Tseax River,1,1
1798,0,727,Medium,Tseax River,3,0
1799,1,490,Medium,Tseax River,4,0
1800,0,478,Medium,Tseax River,3,1
1801,0,462,Medium,Tseax River,4,1
1802,2,630,Medium,Tseax River,4,1
1803,0,662,Medium,Tseax River,1,1
1804,2,413,Medium,Tseax River,1,1
1805,1,646,Medium,Tseax River,3,1
1806,0,750,Medium,Tseax River,2,1
1807,0,654,Medium,Tseax River,1,0
1808,2,631,Medium,Tseax River,2,0
1809,2,514,Medium,Tseax River,2,0
1810,2,671,Medium,Tseax River,3,1
1811,0,659,Medium,Tseax River,2,0
1812,2,439,Medium,Tseax River,3,0
1813,2,457,Medium,Tseax River,4,0
1814,2,408,Medium,Tseax River,3,1
1815,2,710,Medium,Tseax River,1,0
1816,1,413,Medium,Tseax River,3,0
1817,0,688,Medium,Tseax River,1,1
1818,0,528,Medium,Tseax River,2,0
1819,0,493,Medium,Tseax River,2,1
1820,2,616,Medium,Tseax River,1,0
1821,1,459,Medium,Tseax River,1,0
1822,0,612,Medium,Tseax River,2,1
1823,0,710,Medium,Tseax River,1,1
1824,2,650,Medium,Tseax River,1,0
1825,2,645,Medium,Tseax River,2,0
1826,1,576,Medium,Tseax River,4,1
1827,2,550,Medium,Tseax River,2,0
1828,1,695,Medium,Tseax River,1,0
1829,2,645,Medium,Tseax River,3,1
1830,0,514,Medium,Tseax River,3,1
1831,2,618,Medium,Wilauks Creek,2,0
1832,1,430,Medium,Wilauks Creek,2,1
1833,2,581,Medium,Wilauks Creek,4,1
1834,1,470,Medium,Wilauks Creek,1,1
1835,0,490,Medium,Wilauks Creek,3,1
1836,0,728,Medium,Wilauks Creek,2,0
1837,0,510,Medium,Wilauks Creek,1,0
1838,1,666,Medium,Wilauks Creek,2,0
1839,1,596,Medium,Wilauks Creek,4,0
1840,0,413,Medium,Wilauks Creek,3,1
1841,2,510,Medium,Wilauks Creek,1,1
1842,2,581,Medium,Wilauks Creek,1,1
1843,0,436,Medium,Wilauks Creek,2,0
1844,2,596,Medium,Wilauks Creek,2,0
1845,0,563,Medium,Wilauks Creek,4,1
1846,1,557,Medium,Wilauks Creek,2,1
1847,0,575,Medium,Wilauks Creek,1,0
1848,0,489,Medium,Wilauks Creek,2,0
1849,1,664,Medium,Wilauks Creek,2,1
1850,2,639,Medium,Wilauks Creek,3,0
1851,0,487,Medium,Wilauks Creek,4,1
1852,1,723,Medium,Wilauks Creek,1,0
1853,1,449,Medium,Wilauks Creek,4,0
1854,2,400,Medium,Wilauks Creek,3,0
1855,2,530,Medium,Wilauks Creek,3,0
1856,2,407,Medium,Wilauks Creek,4,1
1857,1,536,Medium,Wilauks Creek,1,1
1858,1,412,Medium,Wilauks Creek,3,1
1859,2,709,Medium,Wilauks Creek,2,0
1860,0,614,Medium,Wilauks Creek,4,1
1861,1,693,Medium,Wilauks Creek,3,1
1862,0,633,Medium,Wilauks Creek,2,0
1863,1,418,Medium,Wilauks Creek,3,1
1864,2,514,Medium,Wilauks Creek,1,0
1865,1,725,Medium,Wilauks Creek,3,1
1866,2,570,Medium,Wilauks Creek,4,1
1867,2,561,Medium,Wilauks Creek,2,0
1868,2,686,Medium,Wilauks Creek,2,0
1869,2,535,Medium,Wilauks Creek,2,0
1870,2,657,Medium,Wilauks Creek,1,0
1871,2,412,Medium,Wilauks Creek,2,1
1872,1,421,Medium,Wilauks Creek,1,0
1873,2,508,Medium,Wilauks Creek,2,1
1874,0,635,Medium,Wilauks Creek,4,0
1875,2,484,Medium,Wilauks Creek,2,0
1876,0,712,Medium,Wilauks Creek,2,1
1877,1,712,Medium,Wilauks Creek,4,1
1878,2,578,Medium,Wilauks Creek,4,1
1879,2,466,Medium,Wilauks Creek,3,0
1880,0,742,Medium,Wilauks Creek,4,1
1881,2,529,Medium,Wilauks Creek,1,0
1882,1,600,Medium,Wilauks Creek,4,0
1883,0,487,Medium,Wilauks Creek,4,1
1884,2,552,Medium,Wilauks Creek,1,0
1885,0,610,Medium,Wilauks Creek,2,0
1886,1,688,Medium,Wilauks Creek,1,1
1887,1,599,Medium,Wilauks Creek,2,1
1888,2,674,Medium,Wilauks Creek,4,1
1889,2,611,Medium,Wilauks Creek,3,0
1890,0,597,Medium,Wilauks Creek,3,0
1891,1,424,Medium,Wilauks Creek,1,0
1892,0,750,Medium,Wilauks Creek,1,0
1893,1,517,Medium,Wilauks Creek,1,0
1894,0,527,Medium,Wilauks Creek,2,0
1895,1,491,Medium,Wilauks Creek,3,0
1896,2,630,Medium,Wilauks Creek,4,0
1897,2,723,Medium,Wilauks Creek,3,0
1898,0,408,Medium,Wilauks Creek,4,1
1899,1,410,Medium,Wilauks Creek,4,1
1900,2,698,Medium,Wilauks Creek,1,0
1901,1,509,Medium,Wilauks Creek,1,1
1902,2,715,Medium,Wilauks Creek,4,0
1903,2,605,Medium,Wilauks Creek,4,0
1904,2,644,Medium,Wilauks Creek,4,1
1905,1,693,Medium,Wilauks Creek,4,1
1906,2,644,Medium,Wilauks Creek,3,0
1907,1,468,Medium,Wilauks Creek,2,0
1908,1,555,Medium,Wilauks Creek,3,1
1909,1,454,Medium,Wilauks Creek,4,1
1910,0,470,Medium,Wilauks Creek,1,1
1911,1,663,Medium,Wilauks Creek,4,1
1912,2,424,Medium,Wilauks Creek,3,0
1913,0,433,Medium,Wilauks Creek,3,0
1914,0,622,Medium,Wilauks Creek,4,1
1915,2,438,Medium,Wilauks Creek,1,0
1916,2,689,Medium,Wilauks Creek,3,1
1917,1,553,Medium,Wilauks Creek,1,0
1918,2,571,Medium,Wilauks Creek,1,1
1919,2,437,Medium,Wilauks Creek,2,0
1920,0,674,Medium,Wilauks Creek,4,0
1921,0,660,Medium,Wilauks Creek,3,1
1922,0,466,Medium,Wilauks Creek,3,1
1923,1,483,Medium,Wilauks Creek,1,0
1924,0,599,Medium,Wilauks Creek,2,0
1925,2,721,Medium,Wilauks Creek,3,0
1926,0,504,Medium,Wilauks Creek,1,1
1927,1,686,Medium,Wilauks Creek,2,0
1928,2,677,Medium,Wilauks Creek,1,1
1929,1,501,Medium,Wilauks Creek,2,0
1930,2,601,Medium,Wilauks Creek,1,0
1931,0,697,Medium,Wilauks Creek,3,0
1932,1,507,Medium,Wilauks Creek,4,1
1933,1,638,Medium,Wilauks Creek,1,0
1934,2,654,Medium,Wilauks Creek,4,0
1935,1,670,Medium,Wilauks Creek,3,0
1936,2,489,Medium,Wilauks Creek,4,1
1937,2,628,Medium,Wilauks Creek,2,0
1938,1,500,Medium,Wilauks Creek,1,0
1939,1,485,Medium,Wilauks Creek,4,0
1940,2,577,Medium,Wilauks Creek,3,0
1941,1,462,Medium,Wilauks Creek,4,1
1942,2,484,Medium,Wilauks Creek,2,1
1943,1,678,Medium,Wilauks Creek,2,1
1944,2,506,Medium,Wilauks Creek,2,0
1945,2,646,Medium,Wilauks Creek,1,0
1946,1,409,Medium,Wilauks Creek,4,0
1947,0,718,Medium,Wilauks Creek,3,0
1948,1,565,Medium,Wilauks Creek,2,1
1949,1,598,Medium,Wilauks Creek,4,0
1950,0,407,Medium,Wilauks Creek,2,0
1951,2,698,Medium,Wilauks Creek,3,0
1952,2,517,Medium,Wilauks Creek,1,1
1953,2,475,Medium,Wilauks Creek,3,1
1954,0,477,Medium,Wilauks Creek,1,0
1955,1,703,Medium,Wilauks Creek,3,0
1956,0,565,Medium,Wilauks Creek,1,1
1957,1,579,Medium,Wilauks Creek,1,0
1958,1,425,Medium,Wilauks Creek,1,0
1959,2,449,Medium,Wilauks Creek,2,1
1960,1,466,Medium,Wilauks Creek,1,0
1961,1,503,Medium,Wilauks Creek,1,1
1962,2,613,Medium,Wilauks Creek,4,0
1963,2,585,Medium,Wilauks Creek,3,0
1964,0,614,Medium,Wilauks Creek,1,0
1965,0,623,Medium,Wilauks Creek,2,1
1966,0,424,Medium,Wilauks Creek,4,1
1967,1,681,Medium,Wilauks Creek,3,1
1968,1,401,Medium,Wilauks Creek,4,0
1969,0,679,Medium,Wilauks Creek,1,1
1970,2,568,Medium,Wilauks Creek,2,1
1971,0,609,Medium,Wilauks Creek,3,1
1972,0,588,Medium,Wilauks Creek,2,1
1973,1,594,Medium,Wilauks Creek,4,0
1974,1,467,Medium,Wilauks Creek,1,0
1975,2,688,Medium,Wilauks Creek,3,0
1976,0,511,Medium,Wilauks Creek,4,1
1977,2,719,Medium,Wilauks Creek,3,0
1978,2,427,Medium,Wilauks Creek,3,1
1979,0,591,Medium,Wilauks Creek,3,0
1980,0,688,Medium,Wilauks Creek,4,0
1981,2,419,Medium,Wilauks Creek,1,1
1982,1,401,Medium,Wilauks Creek,2,0
1983,2,632,Medium,Wilauks Creek,4,1
1984,0,502,Medium,Wilauks Creek,2,1
1985,1,570,Medium,Wilauks Creek,2,0
1986,1,573,Medium,Wilauks Creek,4,1
1987,0,750,Medium,Wilauks Creek,1,0
1988,1,402,Medium,Wilauks Creek,1,0
1989,1,631,Medium,Wilauks Creek,4,1
1990,1,610,Medium,Wilauks Creek,1,0
1991,1,622,Medium,Wilauks Creek,4,0
1992,2,707,Medium,Wilauks Creek,4,1
1993,0,647,Medium,Wilauks Creek,2,1
1994,2,417,Medium,Wilauks Creek,4,1
1995,1,577,Medium,Wilauks Creek,1,0
1996,2,601,Medium,Wilauks Creek,2,0
1997,0,670,Medium,Wilauks Creek,4,0
1998,1,464,Medium,Wilauks Creek,3,0
1999,0,492,Medium,Wilauks Creek,3,1
2000,0,604,Medium,Wilauks Creek,4,1
2001,0,590,Medium,Wilauks Creek,3,1
2002,1,727,Medium,Wilauks Creek,3,1
2003,0,436,Medium,Wilauks Creek,1,0
2004,2,685,Medium,Wilauks Creek,4,1
2005,0,535,Medium,Wilauks Creek,3,0
2006,2,635,Medium,Wilauks Creek,2,1
2007,1,517,Medium,Wilauks Creek,1,1
2008,0,630,Medium,Wilauks Creek,3,1
